{"cameraMode":{"drawMode":0,"name":"Shaded","section":"Shading Mode"},"sceneLighting":true,"audioPlay":false,"sceneViewState":{"m_AlwaysRefresh":false,"showFog":true,"showSkybox":true,"showFlares":true,"showImageEffects":true,"showParticleSystems":true,"showVisualEffectGraphs":true,"m_FxEnabled":true},"in2DMode":false,"pivot":{"x":0.3039466142654419,"y":-0.18569903075695039,"z":0.7864538431167603},"rotation":{"x":0.018308578059077264,"y":0.0033106976188719274,"z":-0.0000635124379186891,"w":0.9998342990875244},"size":0.024000009521842004,"orthographic":false}